Downloads;Link;Size;Rating;Authors;Difficulty;Exits;Featured;Demo;Date;Id;Name
749;https://dl.smwcentral.net/18626/Abuse%20and%20Die%203%20demo.zip;617310;5;"[""AbuseFreakHacker""]";Kaizo: Hard;3;false;true;2018-12-16T14:20:52.0;18626;Abuse and Die 3
1713;https://dl.smwcentral.net/18203/Korosu%20Mario%20World%202.41.zip;288010;5;"[""chrisg_games""]";Kaizo: Light;21;false;false;2018-09-26T01:58:04.0;18203;Korosu Mario World 2
2320;https://dl.smwcentral.net/17633/PrincessKaizoLand.zip;152470;5;"[""ChaosComposer""]";Kaizo: Light;14;false;false;2018-06-24T03:22:29.0;17633;Princess Kaizo Land
3655;https://dl.smwcentral.net/19279/Quickie%20World%202.zip;437240;5;"[""Valdio""]";Kaizo: Light;22;false;false;2019-03-08T17:06:26.0;19279;Quickie World 2
1915;https://dl.smwcentral.net/18738/Super%20Cool%20World%20v1.0.zip;546860;5;"[""FerpyMcFrosting""]";Kaizo: Light;24;false;false;2019-01-01T23:05:26.0;18738;Super Cool World
2893;https://dl.smwcentral.net/17395/Super%20Gracie%20World%20v1.3.bps.zip;119540;5;"[""white_moth""]";Kaizo: Light;15;false;false;2018-04-23T21:48:55.0;17395;Super Gracie World
1016;https://dl.smwcentral.net/19292/SMW%5E2%20DEMO.zip;112520;5;"[""Young Boi""]";Easy;6;false;true;2019-03-24T23:40:08.0;19292;Super Mario World²
1273;https://dl.smwcentral.net/18529/Super%20Run%20World%20v1.2.zip;662580;5;"[""00frank""]";Kaizo: Light;25;false;false;2018-12-13T17:31:43.0;18529;Super Run World
2452;https://dl.smwcentral.net/18373/The%20Halloween%20Island%20%281%29.zip;330880;5;"[""Green Jerry""]";Normal;9;false;false;2018-10-28T18:14:46.0;18373;The Halloween Island
1621;https://dl.smwcentral.net/16890/Woji%20World%20v1.3.zip;120430;5;"[""MiniMawile303""]";Kaizo: Light;20;false;false;2018-02-09T18:35:00.0;16890;Woji World
3097;https://dl.smwcentral.net/18612/Akogare%20v1.2.zip;417010;4.9;"[""Mega""]";Kaizo: Light;28;false;false;2018-12-09T01:46:59.0;18612;Akogare Mario World
10307;https://dl.smwcentral.net/17441/QuickieWorld1.12.zip;232810;4.9;"[""Valdio""]";Kaizo: Light;14;false;false;2018-04-24T16:40:18.0;17441;Quickie World
3266;https://dl.smwcentral.net/18801/SMWTPR2%20Update%201-11-19.zip;2200000;4.9;"[""bandicoot""]";Hard;116;false;false;2019-02-25T06:19:17.0;18801;SMW The Princess Rescue 2 - Luigi's Journey!
4839;https://dl.smwcentral.net/16483/smwa.zip;348150;4.8;"[""Gregor""]";Normal;7;false;true;2017-10-20T16:17:41.0;16483;Super Mario World Adventure
4965;https://dl.smwcentral.net/17706/2017%20OLDC%20v1.1.zip;259830;4.8;"[""SMW Central""]";Normal;113;true;false;2018-06-29T19:16:17.0;17706;The 1st Old-School Level Design Contest: Collaboration Hack
2062;https://dl.smwcentral.net/19028/Vanilla%20Made%20to%20Order.zip;170210;4.8;"[""Gamma V""]";Normal;14;false;false;2019-02-05T15:25:18.0;19028;Vanilla: Made to Order
2366;https://dl.smwcentral.net/5428/Hack.zip;112430;4.8;"[""Golden Yoshi""]";Normal;9;false;false;2013-09-23T06:04:10.0;5428;Hack
1934;https://dl.smwcentral.net/9980/KaroshiMario.zip;106310;4.8;"[""HuFlungDu""]";Normal;35;false;false;2015-02-23T03:38:51.0;9980;Karoshi Mario
377;https://dl.smwcentral.net/19073/Skill%20Challenge.zip;265790;4.8;"[""Magikey""]";Kaizo: Hard;12;false;false;2019-04-12T15:42:34.0;19073;SMW Skill Challenge
24540;https://dl.smwcentral.net/14812/VLDC9%20v1.11.zip;2520000;4.7;"[""SMW Central""]";Normal;152;true;false;2016-12-22T05:19:27.0;14812;The 9th Annual Vanilla Level Design Contest: Collaboration Hack
1074;https://dl.smwcentral.net/14967/ColonThree.zip;207010;4.7;"[""HoorayForJay"", ""ShadowDragon121""]";Pit;2;true;false;2017-01-19T03:00:04.0;14967;ColonThree
3926;https://dl.smwcentral.net/11342/Item%20Abuse%20v1.7.zip;24300;4.7;"[""PangaeaPanga""]";Pit;1;false;false;2015-05-18T01:00:43.0;11342;Item Abuse
500;https://dl.smwcentral.net/18608/Pit%20Of%20God.zip;120390;4.7;"[""HKSo051""]";Pit;1;false;false;2018-12-24T23:11:23.0;18608;Pit of God
3171;https://dl.smwcentral.net/17304/Super%20Hark%20Bros%201.21.zip;475050;4.7;"[""chrisg_games""]";Kaizo: Light;16;false;false;2018-04-04T02:53:48.0;17304;Super Hark Bros
2573;https://dl.smwcentral.net/18860/Super%20Vanilla%20World%20%28v1.1%29.zip;317440;4.7;"[""Mario_B""]";Normal;23;false;false;2019-01-09T02:35:05.0;18860;Super Vanilla World
24454;https://dl.smwcentral.net/11254/vldc8_1.2.zip;1300000;4.7;"[""SMW Central""]";Normal;121;true;false;2015-04-28T03:52:20.0;11254;The 8th Annual Vanilla Level Design Contest: Collaboration Hack
8746;https://dl.smwcentral.net/10545/SuperMarioWorldRemix.zip;38070;4.6;"[""YMM""]";Hard;32;true;false;2015-01-20T14:51:45.0;10545;Super Mario World Remix
5041;https://dl.smwcentral.net/12923/Super%20Linkdead%20World.zip;274340;4.6;"[""GbreezeSunset""]";Kaizo: Light;10;false;true;2016-03-09T20:19:48.0;12923;Super Linkdead World
2159;https://dl.smwcentral.net/5237/SMW2%20Demo.zip;205180;4.6;"[""Adam""]";Easy;7;false;true;2013-06-26T21:23:57.0;5237;Super Mario World 2
978;https://dl.smwcentral.net/15823/TPL2.zip;185610;4.6;"[""IgorS777""]";Pit;1;false;false;2017-07-23T18:20:25.0;15823;The Pit Level 2
12596;https://dl.smwcentral.net/15968/Super_Dram_World_2_v1.2.zip;136590;4.6;"[""PangaeaPanga""]";Kaizo: Light;21;true;false;2017-08-06T04:28:44.0;15968;Super Dram World 2
5821;https://dl.smwcentral.net/11932/Super%20Foss%20World%20v1.31.zip;316310;4.6;"[""PangaeaPanga""]";Kaizo: Light;22;false;false;2015-08-22T04:50:25.0;11932;Super Foss World
1099;https://dl.smwcentral.net/15713/Fishing_Season_2.zip;255780;4.6;"[""Mandew""]";Normal;14;false;false;2017-06-28T22:11:56.0;15713;Fishing Season 2
1665;https://dl.smwcentral.net/16348/One%20screen%20puzzle%201.zip;26450;4.6;"[""SwagDePaul""]";Kaizo: Light;1;false;false;2017-10-13T19:53:26.0;16348;One screen puzzle N°1
2699;https://dl.smwcentral.net/14080/My%20little%20Puzzles%202%20-%20The%20Continents%20of%20Knowledge.zip;811660;4.6;"[""Chosentw0"", ""Sariel""]";Kaizo: Light;57;false;false;2017-01-16T18:34:32.0;14080;My little Puzzles 2 - The Continents of Knowledge
6272;https://dl.smwcentral.net/15710/Another%20Mario%20World%202%20-%20Luigi%27s%20Mission.zip;1150000;4.6;"[""Stiviboy""]";Normal;70;false;false;2017-07-10T18:48:28.0;15710;Another Mario World 2: Luigi's Mission
22596;https://dl.smwcentral.net/4990/SMW-%20RDL.zip;312750;4.6;"[""RAGB""]";Normal;59;true;false;2013-06-24T15:29:35.0;4990;Super Mario World: Return To Dinosaur Land
4234;https://dl.smwcentral.net/13947/VLDC1.zip;307210;4.6;"[""SMW Central""]";Normal;76;false;false;2016-08-01T20:24:00.0;13947;The 1st Annual Vanilla Level Design Contest: Collaboration Hack
2065;https://dl.smwcentral.net/14882/My%20little%20Puzzles%203%20-%20The%20Key%20to%20Eternity.zip;828070;4.5;"[""Chosentw0""]";Very Hard;64;false;false;2017-01-16T05:45:23.0;14882;My little Puzzles 3 - The Key to Eternity
2116;https://dl.smwcentral.net/5031/AStrangeMission.zip;157580;4.5;"[""WhiteYoshiEgg""]";Normal;8;true;false;2013-06-26T19:36:20.0;5031;A Strange Mission
2694;https://dl.smwcentral.net/19145/BabyKaizoWorld.zip;579840;4.5;"[""Nowieso""]";Kaizo: Light;44;false;false;2019-02-19T01:23:30.0;19145;Baby Kaizo World
1087;https://dl.smwcentral.net/5546/Cinnamon%20Hills.zip;124600;4.5;"[""AlanJacobs""]";Normal;15;false;false;2013-10-23T05:11:57.0;5546;Cinnamon Hills
831;https://dl.smwcentral.net/5572/Lunar%20Legends%2C%20The%20Search%20-%20C3%20Demo.zip;184540;4.5;"[""Aeon""]";Easy;4;false;true;2013-09-11T07:20:52.0;5572;Lunar Legends: The Search
1416;https://dl.smwcentral.net/18681/Pay%20your%20taxes%20kids.zip;111430;4.5;"[""Young Boi""]";Normal;5;false;false;2018-12-20T16:33:08.0;18681;Mario goes to a castle to pay his taxes
2485;https://dl.smwcentral.net/14712/Mario_is_Stupid.zip;177640;4.5;"[""Sokobansolver""]";Kaizo: Light;12;false;false;2016-12-18T19:05:53.0;14712;Mario is Stupid
5520;https://dl.smwcentral.net/9033/MarioMustDie.zip;252940;4.5;"[""Sokobansolver""]";Kaizo: Hard;9;false;false;2014-10-05T17:49:29.0;9033;Mario Must Die (SMWC version)
2457;https://dl.smwcentral.net/5583/Mario%27s%202%20Ways%202%20Victory.zip;272320;4.5;"[""Najeraldo""]";Hard;85;false;false;2013-06-21T05:04:43.0;5583;Mario's 2 Ways 2 Victory
890;https://dl.smwcentral.net/16765/Pit%20of%20Insaneness%202.zip;139360;4.5;"[""NBKevin98""]";Pit;1;false;false;2018-01-10T05:10:50.0;16765;Pit of Insaneness 2
1014;https://dl.smwcentral.net/18377/Super%20Dode%20World1.2.zip;281550;4.5;"[""Arobam""]";Kaizo: Light;21;false;false;2018-11-06T21:40:23.0;18377;Super Dode World
2566;https://dl.smwcentral.net/18091/SMWAgaininDinosaurLandDEMO1.zip;29450;4.5;"[""Emerald Shell""]";Normal;10;false;true;2018-09-04T22:44:26.0;18091;Super Mario World: Again in Dinosaur Land
1581;https://dl.smwcentral.net/16894/Super%20Tesla%20World%20v1.3.zip;139460;4.5;"[""MiniMawile303""]";Kaizo: Light;20;false;false;2018-01-25T01:52:34.0;16894;Super Tesla World
984;https://dl.smwcentral.net/5256/The%20Lost%20Land%202%20-%20The%204%20Switches.zip;405260;4.5;"[""Tahixham""]";Normal;6;false;false;2013-09-16T12:02:30.0;5256;The Lost Land 2: The 4 Switches
1034;https://dl.smwcentral.net/17555/The%20Search%20for%20Salmon%201.2.zip;167480;4.5;"[""GlitchCat7""]";Kaizo: Light;11;false;false;2018-06-09T20:33:18.0;17555;The Search for Salmon
2087;https://dl.smwcentral.net/10342/nsmw%20d2.zip;185870;4.5;"[""Gregor""]";Normal;15;false;true;2015-01-06T20:26:36.0;10342;Gregor's New Super Mario World
1367;https://dl.smwcentral.net/16029/SuperKazuWorld%20V1.3.zip;105450;4.5;"[""Wieus96""]";Kaizo: Light;9;false;false;2017-08-12T21:24:05.0;16029;SuperKazuWorld
1441;https://dl.smwcentral.net/11760/LM%201.0%20Adventures%20v1.1.zip;36740;4.5;"[""Carld923"", ""Gartore"", ""Maxodex"", ""Pinci"", ""StanTheMackiar"", ""VashVaati"", ""anonimzwx""]";Normal;7;false;false;2015-07-21T00:54:36.0;11760;Lunar Magic 1.0 Adventures
1055;https://dl.smwcentral.net/14930/This%20Hack%20Was%20Made%20in%202%20Hours.zip;26630;4.5;"[""ft029""]";Hard;7;false;false;2017-01-09T14:34:40.0;14930;This Hack Was Made in 2 Hours
11852;https://dl.smwcentral.net/6872/VLDC_2014.zip;1000000;4.5;"[""SMW Central""]";Normal;86;true;false;2014-07-11T18:27:55.0;6872;The 7th Annual Vanilla Level Design Contest: Collaboration Hack
1972;https://dl.smwcentral.net/14791/Phenomenal%20Mario%20World%20Demo.zip;1090000;4.4;"[""Stiviboy""]";Normal;11;false;true;2016-12-24T20:45:36.0;14791;Phenomenal Mario World
6910;https://dl.smwcentral.net/15290/CMW3%20The%20Finale.zip;1820000;4.4;"[""bandicoot""]";Hard;120;false;false;2017-03-12T22:20:35.0;15290;Classic Mario World 3: The Finale
1226;https://dl.smwcentral.net/13496/The%20Hooray%21%20-%20Fishing%20Season%20%28v1.01.1%29.zip;211160;4.4;"[""Mandew""]";Normal;14;false;false;2016-03-29T12:12:11.0;13496;The Hooray! - Fishing Season
1679;https://dl.smwcentral.net/14920/Super%20Mario%20-%20Grand%20Journey%20C3.zip;346190;4.4;"[""RZ1""]";Normal;15;false;true;2017-01-08T02:34:17.0;14920;Super Mario: Grand Journey
1616;https://dl.smwcentral.net/11499/TMFC3EYHAP%26K%20-%20Q2BDB.zip;244960;4.4;"[""S.N.N.""]";Easy;5;false;false;2015-06-24T06:35:52.0;11499;TMFC3EYHEP&K - Q2BDB
3266;https://dl.smwcentral.net/10300/Mario%27s%20Enigmatic%20Tales%20BETA%20Fixed.zip;437530;4.4;"[""Major Flare""]";Normal;87;false;true;2014-12-31T00:43:53.0;10300;Mario's Enigmatic Tales 1: The Betrayal
2247;https://dl.smwcentral.net/14819/Super%20IsCamden%20World%20v%201.6.zip;31400;4.4;"[""fancypanda98""]";Kaizo: Light;12;false;false;2016-12-25T22:55:19.0;14819;Super IsCamden World
1408;https://dl.smwcentral.net/10072/Yoshi%27s%20Emergency.zip;63910;4.4;"[""Brad172""]";Easy;21;false;false;2015-09-30T18:04:23.0;10072;Yoshi's Emergency
20621;https://dl.smwcentral.net/10907/Item%20Abuse%203%20v1.0.zip;112960;4.4;"[""PangaeaPanga""]";Pit;1;true;false;2015-03-18T00:34:04.0;10907;Item Abuse 3
1953;https://dl.smwcentral.net/14289/Combo%20Killer%20Ultra%20Alpha%20Turbo%20HD%20Remix%2C%20Arcade%20Edition.zip;315300;4.4;"[""Doownayr89""]";Kaizo: Hard;36;false;false;2016-10-11T19:08:26.0;14289;Combo Killer: Ultra Alpha Turbo HD Remix, Arcade Edition
1782;https://dl.smwcentral.net/6468/Life%20Of%20Glitches.zip;23550;4.4;"[""ShadowDragon121""]";Kaizo: Hard;1;false;false;2014-06-28T03:18:25.0;6468;Life Of Glitches
28456;https://dl.smwcentral.net/11374/Super%20Dram%20World%20v1.2.zip;113110;4.3;"[""PangaeaPanga""]";Kaizo: Light;19;false;false;2015-06-22T04:10:27.0;11374;Super Dram World
1137;https://dl.smwcentral.net/14122/newASW.zip;97490;4.3;"[""lolyoshi"", ""rextep""]";Hard;8;false;false;2016-08-05T22:21:52.0;14122;Another Special World
565;https://dl.smwcentral.net/9752/Bowser%20Forest.zip;128910;4.3;"[""Dylan Yoshi""]";Hard;9;false;false;2015-02-05T01:19:36.0;9752;Bowser Forest
654;https://dl.smwcentral.net/9704/CaveEscape1.5.zip;35880;4.3;"[""MarioFan22""]";Normal;2;false;false;2014-12-26T22:04:37.0;9704;Cave Escape
10331;https://dl.smwcentral.net/15480/Classic%20Mario%20World%201.zip;1690000;4.3;"[""bandicoot""]";Hard;113;false;false;2017-04-20T22:59:29.0;15480;Classic Mario World: The Magical Crystals 
1016;https://dl.smwcentral.net/18130/Jigoku_Mario_World.zip;222370;4.3;"[""Nowieso""]";Kaizo: Light;28;false;false;2018-09-20T00:27:03.0;18130;Jigoku Mario World
789;https://dl.smwcentral.net/10101/LHJ.zip;122070;4.3;"[""KennyJ""]";Easy;15;false;false;2015-10-14T18:05:31.0;10101;Luigi's Heated Journey
841;https://dl.smwcentral.net/5495/APK%20C3%20Demo.zip;200880;4.3;"[""Aeon""]";Easy;6;false;true;2013-09-25T13:22:53.0;5495;Super Mario World: A Pineapple Kingdom
2044;https://dl.smwcentral.net/9902/The%20Secret%20of%20the%20Switches%20%28Demo%201.1%29.zip;96700;4.3;"[""arotenbe""]";Easy;11;false;true;2015-08-25T17:53:20.0;9902;The Secret of the Switches
997;https://dl.smwcentral.net/5344/The%20Yoshi%20Egg.zip;36200;4.3;"[""Noivern""]";Easy;5;false;false;2013-08-05T22:01:58.0;5344;The Yoshi Egg: A Mission in Miniature
1338;https://dl.smwcentral.net/5493/Vanilla%20Failure%20C3%20Demo%20v1.1.zip;41000;4.3;"[""Blind Devil""]";Easy;7;false;true;2013-06-21T03:16:02.0;5493;Vanilla Failure: Blind Devil's Final Stand
1611;https://dl.smwcentral.net/6938/SMWNOY.zip;172320;4.3;"[""Mayonnai"", ""Mirann""]";Normal;8;false;false;2014-08-05T16:14:47.0;6938;"Super Mario World: ""Not Over Yet"""
2576;https://dl.smwcentral.net/15187/Super%20Mario%20World.The%20Secret%20Levels.zip;24460;4.3;"[""JOSHUAPLAYER2002""]";Easy;3;false;true;2017-02-16T04:50:07.0;15187;Super Mario World - The Secret Levels
12673;https://dl.smwcentral.net/5559/2%20Player%20Co-op%20Quest.zip;114960;4.3;"[""cyphermur9t""]";Normal;8;false;false;2013-10-02T17:29:37.0;5559;2 Player Co-op Quest!
484;https://dl.smwcentral.net/19550/Let%27s%20Climb.zip;237830;4.3;"[""Sweetdude""]";Kaizo: Light;9;false;false;2019-04-03T18:04:43.0;19550;Climb The Tower
556;https://dl.smwcentral.net/10268/MEA2.zip;218450;4.3;"[""Ddoomm10""]";Hard;1;false;true;2015-06-01T04:10:43.0;10268;Mario's Endless Adventure 2: Escape From Koopatraz Prison
2967;https://dl.smwcentral.net/5494/SPLU%20patch.zip;425100;4.3;"[""Doownayr89""]";Hard;78;false;false;2013-11-22T18:41:24.0;5494;Super Pika Land Ultra: Vanilla Version
657;https://dl.smwcentral.net/9960/Temple.zip;95130;4.3;"[""PatPatPat""]";Normal;5;false;false;2015-10-16T18:23:08.0;9960;The Temple of Dinosaurs
988;https://dl.smwcentral.net/6692/VTv3.1.zip;156590;4.3;"[""Koopster""]";Normal;23;false;true;2014-06-21T23:16:15.0;6692;Vanilla Twist!
1779;https://dl.smwcentral.net/14592/The%20Haunted%20Desert%20REMASTERED.zip;477810;4.2;"[""Dan""]";Normal;0;false;false;2016-11-18T05:16:03.0;14592;The Haunted Desert: REMASTERED
2711;https://dl.smwcentral.net/9029/RttC-1.3.zip;230600;4.2;"[""AxemJinx""]";Hard;53;false;false;2014-08-20T05:30:25.0;9029;Rise to the Challenge
774;https://dl.smwcentral.net/5526/NJADemo.zip;138960;4.2;"[""1UPdudes""]";Normal;5;false;true;2013-09-12T01:01:18.0;5526;Ninji Jump Alpha
1041;https://dl.smwcentral.net/9792/SMW%20Glitch%20Land%20-%20Demo%201.zip;88020;4.2;"[""Smallhacker""]";Kaizo: Hard;3;false;true;2015-10-22T00:35:32.0;9792;Super Mario World: Glitch Land
347;https://dl.smwcentral.net/19565/SuperPeggyWorld1.4.zip;257530;4.2;"[""smasken""]";Kaizo: Light;13;false;false;2019-04-04T21:07:21.0;19565;Super Peggy World
6339;https://dl.smwcentral.net/9794/Super%20Skyler%20World.zip;8660;4.2;"[""Uncle_Bones""]";Normal;3;false;true;2015-02-09T22:05:10.0;9794;Super Skyler World
2342;https://dl.smwcentral.net/10136/tTiI-demo2.zip;181030;4.2;"[""Forty2""]";Normal;47;false;true;2015-08-04T00:02:05.0;10136;The Title is Irrelevant 
1099;https://dl.smwcentral.net/5480/A%20Maxi%20Mini%20Hack.zip;115910;4.2;"[""noon""]";Easy;8;false;false;2013-09-26T09:51:27.0;5480;A Maxi Mini Hack
512;https://dl.smwcentral.net/10248/Combo_Breaker_demo.zip;149010;4.2;"[""Sokobansolver""]";Normal;18;false;true;2015-10-12T03:29:14.0;10248;Combo Breaker
2456;https://dl.smwcentral.net/5370/Super_Mario_Worldwide_2.zip;176530;4.2;"[""Antroid""]";Normal;66;false;false;2013-11-27T00:40:20.0;5370;Super Mario Worldwide 2
940;https://dl.smwcentral.net/17452/MNOSE.zip;146690;4.1;"[""rextep""]";Hard;4;false;false;2018-04-29T09:00:09.0;17452;Mario's NOSE
1284;https://dl.smwcentral.net/13028/Christmas%20Balls%20%28Hack%2016%29.zip;395770;4.1;"[""levelengine""]";Normal;12;false;false;2016-01-12T02:58:43.0;13028;Christmas Balls
1566;https://dl.smwcentral.net/15985/Eternal%20Mario%20World.zip;121710;4.1;"[""Aguni_""]";Kaizo: Light;4;false;false;2017-08-04T05:42:25.0;15985;Eternal Mario World
1142;https://dl.smwcentral.net/8721/Mario%27s%20Vanilla%20Journey%20-%20Demo%202.02.zip;157990;4.1;"[""akacesfan""]";Normal;24;false;true;2014-08-05T14:32:26.0;8721;Mario's Vanilla Journey
3357;https://dl.smwcentral.net/11900/M%26W%20-%20ISoL.zip;399040;4.1;"[""Erik""]";Normal;28;false;true;2015-08-01T23:50:18.0;11900;Mario & Waluigi: In Search of Luigi
2215;https://dl.smwcentral.net/16796/Super%20Riff%20World.zip;159420;4.1;"[""Freakin_HA""]";Kaizo: Light;26;false;false;2017-12-24T14:55:34.0;16796;Super Riff World
9295;https://dl.smwcentral.net/17005/Super%20Mario%20Logic.zip;209540;4.1;"[""Final Theory""]";Normal;94;false;false;2018-01-21T23:51:21.0;17005;Super Mario Logic
3655;https://dl.smwcentral.net/6225/The%20Way%20of%20The%20M%20%28Epsilon%29.zip;511560;4.1;"[""levelengine""]";Very Hard;80;false;false;2014-03-19T19:12:40.0;6225;The Way of The M
8013;https://dl.smwcentral.net/17046/LegendsOfMario_v1.2.zip;176200;4.1;"[""HmWhyNot"", ""Mega"", ""NeXuS15"", ""SomeBroYouDontKnow"", ""Tubbaluvin"", ""chrisg_games""]";Kaizo: Light;25;false;false;2018-01-31T15:21:49.0;17046;Legends of Mario 
2157;https://dl.smwcentral.net/12920/My%20little%20Puzzles%20-%20The%20Road%20to%20Wisdom%20v1.1.zip;431700;4.1;"[""Chosentw0""]";Hard;38;false;false;2016-01-05T11:58:37.0;12920;My little Puzzles - The Road to Wisdom
529;https://dl.smwcentral.net/9893/3_Trials_I8Strudel_V_1.zip;101330;4;"[""I8Strudel""]";Normal;4;false;false;2015-08-19T10:02:59.0;9893;3 Trials
1838;https://dl.smwcentral.net/5056/PureVanillaHack.zip;11510;4;"[""WhiteYoshiEgg""]";Easy;6;false;false;2013-09-22T22:07:11.0;5056;A Pure Vanilla Hack
1113;https://dl.smwcentral.net/11304/deadman_mario.zip;114130;4;"[""Uncle Dumbass"", ""gamed9x""]";Normal;7;false;true;2015-05-10T22:55:31.0;11304;Dead-Man Mario World
836;https://dl.smwcentral.net/9734/EVERY%20LEVEL%20IGGY%21.zip;20480;4;"[""Nimono""]";Normal;7;false;false;2015-02-23T23:54:29.0;9734;EVERY LEVEL IGGY!
770;https://dl.smwcentral.net/5539/Ieo.zip;178210;4;"[""Delta""]";Normal;9;false;true;2013-06-28T04:57:05.0;5539;Ieo
1040;https://dl.smwcentral.net/12785/Justice%20for%20Mario%20Demo%20%231.zip;217800;4;"[""Centipede""]";Normal;34;false;true;2015-12-08T18:43:26.0;12785;Justice for Mario
432;https://dl.smwcentral.net/19483/Kaizo%20Island.zip;164770;4;"[""BrickSMW""]";Kaizo: Light;7;false;true;2019-04-05T00:08:40.0;19483;Kaizo Island
663;https://dl.smwcentral.net/9703/Mario%27s%20Mad%20Adventure%20%282%20Parts%29.zip;306080;4;"[""cyphermur9t""]";Hard;25;false;false;2015-07-24T12:13:35.0;9703;Mario's Mad Adventure
1301;https://dl.smwcentral.net/10145/MCW.zip;115140;4;"[""Blue_Raven""]";Normal;4;false;true;2015-11-06T23:56:55.0;10145;Mario: Collapsing Worlds
964;https://dl.smwcentral.net/16829/Pit%20of%20Insaneness%20v.1.0.zip;105550;4;"[""NBKevin98""]";Pit;1;false;false;2018-02-25T00:50:46.0;16829;Pit of Insaneness
472;https://dl.smwcentral.net/10233/RepOff%20patch.zip;100910;4;"[""PatPatPat""]";Normal;10;false;false;2015-01-07T00:46:55.0;10233;Repeat Offender
2139;https://dl.smwcentral.net/17384/Salty%20Sagan%20World%201.11.zip;504330;4;"[""Oskise""]";Kaizo: Light;22;false;false;2018-04-21T00:52:52.0;17384;Salty Sagan World
4044;https://dl.smwcentral.net/5099/Seven%20Cursed%20Eggs.zip;93960;4;"[""SyStemkraSh""]";Normal;10;false;true;2013-06-26T10:57:47.0;5099;Seven Cursed Eggs
1286;https://dl.smwcentral.net/17625/Super%20Duper%20World.zip;156710;4;"[""crusher169""]";Kaizo: Light;5;false;false;2018-07-09T21:10:11.0;17625;Super Duper World
2106;https://dl.smwcentral.net/16725/Super%20Killer%20World%201.3.zip;106920;4;"[""Wieus96""]";Kaizo: Light;13;false;false;2017-12-08T16:44:58.0;16725;Super Killer World
449;https://dl.smwcentral.net/10070/Miscland2.zip;157500;4;"[""Alessio""]";Hard;5;false;false;2015-06-05T20:43:44.0;10070;Super Mario in Miscland 2: GrisBoo's Switches!
408;https://dl.smwcentral.net/10260/SMLA%20demo%201.zip;36140;4;"[""DonnyKD""]";Easy;3;false;true;2015-05-29T22:24:54.0;10260;Super Mario Land Arcade!
716;https://dl.smwcentral.net/9761/SuperMarioOcean.zip;68770;4;"[""yogui""]";Normal;36;false;false;2015-07-30T12:53:57.0;9761;Super Mario Ocean
1044;https://dl.smwcentral.net/17584/Super%20Mario%20OWMS.zip;111670;4;"[""BanzaiChuck""]";Kaizo: Light;13;false;false;2018-06-09T21:24:09.0;17584;Super Mario OWMS
501;https://dl.smwcentral.net/9962/SMW-LDI.zip;33870;4;"[""Aeon""]";Normal;5;false;true;2015-09-30T13:56:10.0;9962;Super Mario World - Leaving Dinosaur Island
414;https://dl.smwcentral.net/9733/Mario2008v4.zip;35550;4;"[""Bmann7000""]";Hard;7;false;true;2015-04-10T21:49:09.0;9733;Super Mario World: The Return of Bowser
1108;https://dl.smwcentral.net/10041/SMW%20Twentieth%20Anniversary.zip;34850;4;"[""Todd""]";Easy;21;false;true;2015-09-26T12:37:56.0;10041;Super Mario World: Twentieth Anniversary Edition
1289;https://dl.smwcentral.net/6965/SNW%20c3%20DEMO%201.zip;115800;4;"[""bandicoot""]";Easy;7;false;true;2014-08-05T14:29:43.0;6965;Super Nostalgia World
524;https://dl.smwcentral.net/19261/Terminus1.1.zip;485300;4;"[""Kr00mmi""]";Kaizo: Light;11;false;false;2019-03-08T18:31:42.0;19261;Terminus
387;https://dl.smwcentral.net/9788/The%20Big%20Fish%20Chrisis.zip;124690;4;"[""Klopenator""]";Normal;3;false;false;2015-02-05T21:02:05.0;9788;The Big Fish Chrisis
522;https://dl.smwcentral.net/9824/Super%20Mario%20Eternity%200.7.1.zip;298770;4;"[""FPzero""]";Normal;49;false;true;2015-08-02T12:24:11.0;9824;The Forever Mystery, Part One: Rescue!
907;https://dl.smwcentral.net/9876/TMR.zip;92330;4;"[""Ersanio""]";Normal;1;false;false;2015-01-13T20:41:32.0;9876;The Muncher Run
489;https://dl.smwcentral.net/9848/The_Rituals_of_Resurrection.zip;107410;4;"[""SyStemkraSh""]";Normal;14;false;true;2015-07-22T18:44:17.0;9848;The Rituals Of Resurrection
4008;https://dl.smwcentral.net/15076/Another%20Mario%20World.zip;130080;4;"[""Stiviboy""]";Normal;54;false;false;2017-01-29T18:02:09.0;15076;Another Mario World
6548;https://dl.smwcentral.net/10456/GW.zip;250990;4;"[""Luks""]";Hard;7;false;false;2015-01-09T21:48:10.0;10456;A Goomba's Walk
1076;https://dl.smwcentral.net/13745/FLOATING%20MUNCHERS.zip;132130;3.9;"[""Alcaro"", ""Koopster""]";Very Hard;2;false;false;2016-05-30T03:01:48.0;13745;FLOATING MUNCHERS SERIES?
3047;https://dl.smwcentral.net/9273/Horrifying%20Mario%20World.zip;227600;3.9;"[""GbreezeSunset""]";Kaizo: Light;20;false;false;2014-11-14T02:36:48.0;9273;Horrifying Mario World
3220;https://dl.smwcentral.net/14534/MLA%20Demo%201.zip;151930;3.9;"[""niko""]";Hard;20;false;true;2016-10-15T09:27:47.0;14534;Mario's Last Adventure
1773;https://dl.smwcentral.net/6828/Lemmy%27s%20Htarw%20v1_1.zip;233630;3.9;"[""Blue Leaf""]";Normal;54;false;false;2014-07-03T19:03:35.0;6828;Lemmy's Wrath
904;https://dl.smwcentral.net/14605/Cadaverous%20Chains.zip;21050;3.9;"[""ft029""]";Kaizo: Light;1;false;false;2016-11-01T01:35:46.0;14605;Cadaverous Chains
11162;https://dl.smwcentral.net/6410/New%20Super%20Mario%20World%20-%20The%20%20Lost%20Levels.zip;280130;3.9;"[""CargoOfDarkness"", ""LunaStarshine""]";Hard;106;false;false;2014-03-14T00:19:04.0;6410;Super Mario World: The Lost Levels
1360;https://dl.smwcentral.net/7005/Lost%20Mario%20Bros.%20-%20Demo%202.1.zip;236900;3.9;"[""Le Comte Niark""]";Normal;21;false;true;2014-07-17T19:40:11.0;7005;Lost Mario Bros.
2258;https://dl.smwcentral.net/5277/Back%20to%20the%20Classics.zip;510040;3.8;"[""Spud Alpha""]";Normal;36;false;false;2013-06-29T23:19:13.0;5277;Back to the Classics
1297;https://dl.smwcentral.net/14533/eternal%20nightfall.zip;209120;3.8;"[""superwiidude""]";Normal;5;false;false;2016-10-15T02:19:43.0;14533;Eternal Nightfall
3044;https://dl.smwcentral.net/17626/SMW%20The%20Princess%20Rescue%20v1.1.zip;1770000;3.8;"[""bandicoot""]";Hard;116;false;false;2018-06-20T02:06:10.0;17626;SMW The Princess Rescue
1299;https://dl.smwcentral.net/10061/SMW_Hacks_101.zip;197470;3.8;"[""Tails_155""]";Normal;24;false;false;2015-07-30T08:23:41.0;10061;Super Mario World Hacks 101
2586;https://dl.smwcentral.net/4983/TSRP1.zip;389150;3.8;"[""FPI""]";Very Hard;96;false;false;2013-07-01T01:12:37.0;4983;The Second Reality Project
1312;https://dl.smwcentral.net/12916/I%20Come%20In%20Peace.zip;350410;3.8;"[""levelengine""]";Normal;22;false;false;2016-01-15T18:45:40.0;12916;I Come In Peace
1373;https://dl.smwcentral.net/14571/Mario%20Vs.%20Big%20Boo%20-%20the%20ultimate%20epic%20showdown%20of%20destiny%20in%20a%20duel%20of%20life%2C%20death%20and%20bananas.zip;710660;3.8;"[""SuperMudkip1""]";Easy;6;false;false;2016-11-06T23:36:16.0;14571;Mario Vs. Big Boo
1090;https://dl.smwcentral.net/13833/SuperConanLand.zip;465110;3.8;"[""Chosentw0""]";Kaizo: Hard;1;false;false;2016-08-01T21:17:39.0;13833;Super Conan Land
1226;https://dl.smwcentral.net/9911/EVERY%20LEVEL%20MORTON%21.zip;106170;3.8;"[""Nimono""]";Normal;9;false;false;2015-08-18T01:50:15.0;9911;EVERY LEVEL MORTON!
1146;https://dl.smwcentral.net/18685/MTMG.zip;350730;3.8;"[""Mr. MS""]";Normal;17;false;true;2018-12-30T07:16:15.0;18685;Mario - The Mysterious Gem
1594;https://dl.smwcentral.net/16326/Mario%27s%20Awesome%20Journey%20Demo%202.zip;41360;3.8;"[""niko""]";Hard;11;false;true;2017-09-24T11:51:30.0;16326;Mario's Awesome Journey
1375;https://dl.smwcentral.net/6131/Mario%27s%20Mistake.zip;226670;3.8;"[""gibbl""]";Kaizo: Hard;7;false;false;2014-04-19T20:41:46.0;6131;Mario's Mistake
809;https://dl.smwcentral.net/18419/Monty%20Mole%20Island%20V1.2.zip;96000;3.8;"[""Green Jerry""]";Normal;6;false;false;2018-11-28T09:16:03.0;18419;Monty Mole Island
1359;https://dl.smwcentral.net/6084/tsotl%20-%20demo%202%21.zip;65700;3.8;"[""mario and luigi""]";Normal;22;false;true;2014-01-10T22:37:52.0;6084;Super Mario World: The Secret of the Lands!
1647;https://dl.smwcentral.net/14874/SPL2RN1.zip;59130;3.8;"[""natnew""]";Kaizo: Light;28;false;false;2017-01-03T21:10:10.0;14874;Super Puzzle Land 2 - Remastered
1198;https://dl.smwcentral.net/6130/The_Fort.zip;95510;3.8;"[""Ostix"", ""Silverfox"", ""Trollope""]";Kaizo: Hard;1;false;false;2014-06-18T23:43:23.0;6130;The Fort
1956;https://dl.smwcentral.net/4980/World%20of%20Illusion.zip;124920;3.8;"[""Azure""]";Hard;34;false;false;2013-06-21T03:27:23.0;4980;World Of Illusion
1000;https://dl.smwcentral.net/16709/ProjectL.zip;152250;3.8;"[""DanTheCreator""]";Normal;5;false;true;2017-12-12T10:58:39.0;16709;Project L 1.0B
970;https://dl.smwcentral.net/5582/Bowser%20Stadium%20Gamma.zip;81130;3.8;"[""levelengine""]";Normal;18;false;false;2013-10-25T23:27:05.0;5582;Bowser Stadium
1281;https://dl.smwcentral.net/14422/MNL.zip;491600;3.8;"[""darken""]";Very Hard;5;false;false;2016-09-17T02:05:04.0;14422;Mario in Neb's Land
661;https://dl.smwcentral.net/15341/PrecisePerfection.zip;106470;3.8;"[""HoorayForJay""]";Pit;1;false;false;2017-04-14T23:46:04.0;15341;Precise Perfection
447;https://dl.smwcentral.net/10031/Terraria.zip;29390;3.8;"[""Windveil""]";Normal;4;false;false;2015-07-22T14:19:22.0;10031;Terraria
781;https://dl.smwcentral.net/13239/Just%20Another%20Vanilla%20Hack.zip;33000;3.7;"[""niko""]";Normal;6;false;true;2016-02-10T22:43:34.0;13239;Just Another Vanilla Hack
1066;https://dl.smwcentral.net/15956/SMW%20HACK%20IUDICIUM%20TRIBUNALIS%20ver%202.25%20by%20user%3DID28020.zip;549590;3.7;"[""Sariel""]";Kaizo: Hard;10;false;false;2017-09-22T03:45:58.0;15956;IUDICIUM TRIBUNALIS
2936;https://dl.smwcentral.net/5294/The%20New%20Mario%20World%20V1.1.zip;163090;3.7;"[""OnlineVideoSurfer""]";Very Hard;96;false;false;2013-11-04T19:25:24.0;5294;The New Mario World
14062;https://dl.smwcentral.net/5609/Tsunami%20Island.zip;93420;3.7;"[""PROMETHEUS""]";Normal;9;true;false;2013-06-21T03:08:24.0;5609;Tsunami Island
2949;https://dl.smwcentral.net/12979/Super%20Responsible%20World.zip;73880;3.7;"[""ft029""]";Kaizo: Light;20;false;false;2016-03-29T20:42:07.0;12979;Super Responsible World
592;https://dl.smwcentral.net/10106/Another%20adventure%20of%20Mario.zip;70900;3.7;"[""Suhru""]";Hard;19;false;false;2015-10-08T03:13:48.0;10106;Another adventure of Mario
1228;https://dl.smwcentral.net/10895/Duck%20Season.zip;160780;3.7;"[""2dareduck""]";Kaizo: Light;11;false;false;2015-05-01T02:47:31.0;10895;Duck Season
848;https://dl.smwcentral.net/6208/EP.zip;26300;3.7;"[""Egadd""]";Normal;7;false;false;2014-01-28T20:44:41.0;6208;EP
728;https://dl.smwcentral.net/5981/GrandChaos%27%20Mario%20World%20%28v0.25%20Alpha%20-%20Demo%202%29.zip;119980;3.7;"[""HarvettFox96""]";Easy;13;false;true;2013-12-19T00:44:44.0;5981;GrandChaos' Mario World
1129;https://dl.smwcentral.net/10949/fruitcave.zip;117520;3.7;"[""mario and luigi""]";Normal;11;false;false;2015-02-28T03:50:00.0;10949;Mario Lost in the Fruit Cave
960;https://dl.smwcentral.net/15431/Mario%27s%20Awesome%20Journey%20Demo%20%28fixed%29.zip;31030;3.7;"[""niko""]";Hard;6;false;true;2017-04-04T21:26:15.0;15431;Mario's Awesome Journey
401;https://dl.smwcentral.net/9865/Morton%27s%20Tyranny%20Zip.zip;16790;3.7;"[""Pirate Yoshi""]";Easy;8;false;false;2015-08-16T19:31:59.0;9865;Morton's Tyranny
1365;https://dl.smwcentral.net/10022/SME%20patch.zip;462610;3.7;"[""noname""]";Easy;25;false;true;2015-10-17T03:02:31.0;10022;Super Mario Emulator (PTB)
1072;https://dl.smwcentral.net/16490/Super%20mario%20Ubs.zip;127810;3.7;"[""Ubsje""]";Normal;7;false;false;2017-10-21T14:38:01.0;16490;Super Mario Ubs
1754;https://dl.smwcentral.net/9767/Super_Mario_Worldwide.zip;118050;3.7;"[""Antroid""]";Normal;28;false;false;2015-08-08T06:09:27.0;9767;Super Mario Worldwide
356;https://dl.smwcentral.net/10200/The%20Tower%20Tyrant%20DEMO.zip;135900;3.7;"[""Mtb4000""]";Normal;6;false;true;2015-10-12T03:30:23.0;10200;The Tower Tyrant
766;https://dl.smwcentral.net/14167/SMW%20-%20Trouble%20in%20Truffle%20Islands.zip;166800;3.7;"[""Cydrius""]";Normal;17;false;true;2016-08-29T07:08:02.0;14167;Trouble in Truffle Islands
2242;https://dl.smwcentral.net/14710/MSA%203%20FINAL%201.1.0.0.zip;315270;3.6;"[""niko""]";Hard;66;false;false;2016-12-26T10:45:16.0;14710;Mario's Sweet Adventure 3 - A New Quest
63515;https://dl.smwcentral.net/9648/Big%20Boo%27s%20Revenge.zip;595870;3.6;"[""Tobias94""]";Easy;91;false;false;2015-12-12T23:51:27.0;9648;Big Boo's Revenge
3650;https://dl.smwcentral.net/9680/chaoscomplexx.zip;110380;3.6;"[""FPI""]";Hard;26;false;false;2015-02-02T22:52:08.0;9680;Chaos CompleXX
1296;https://dl.smwcentral.net/16084/Solar%20Eclipse%20World.zip;20110;3.6;"[""ft029""]";Hard;1;false;false;2017-08-25T19:45:25.0;16084;Solar Eclipse World
954;https://dl.smwcentral.net/13663/Another%20Pointless%20Adventure%20%28World%201%20Demo%29.zip;148130;3.6;"[""Pseudogon""]";Normal;5;false;true;2016-05-14T19:15:53.0;13663;Super Mario World: Another Pointless Adventure
989;https://dl.smwcentral.net/4972/Forever%20Mystery%20Prologue.zip;165800;3.6;"[""FPzero""]";Easy;7;false;false;2013-06-21T05:11:01.0;4972;The Forever Mystery, Part Zero: Prologue
1174;https://dl.smwcentral.net/16406/GP%20v1.1.zip;26130;3.6;"[""Wieus96""]";Kaizo: Hard;1;false;false;2017-11-16T00:37:05.0;16406;Goukie's Palace
1001;https://dl.smwcentral.net/11350/PunishingPothole2.zip;106400;3.6;"[""Sokobansolver""]";Kaizo: Hard;2;false;false;2015-07-15T04:22:53.0;11350;Punishing Pothole 2
1652;https://dl.smwcentral.net/13341/Super%20Mario%20World%20Ultra.zip;136680;3.6;"[""LHB""]";Normal;13;false;true;2016-02-27T18:37:22.0;13341;Super Mario World Ultra
1026;https://dl.smwcentral.net/13498/Super%20Mario%20A%20Familiar%20Land.zip;116960;3.6;"[""Kraken Pals v 2.0""]";Normal;7;false;true;2016-04-04T19:29:51.0;13498;Super Mario: A Familiar Land
4177;https://dl.smwcentral.net/13486/Mario%27s%20Way%20To%20Be%20a%20Legend%20Demo%200.1.1.zip;165070;3.6;"[""Superwario1999""]";Kaizo: Light;5;false;true;2016-03-29T19:08:16.0;13486;Mario's Way to be a Legend
1337;https://dl.smwcentral.net/16700/Super%20Kuso%20World.zip;163880;3.6;"[""Volpey""]";Kaizo: Hard;14;false;false;2018-01-07T07:14:22.0;16700;Super Kuso World
1343;https://dl.smwcentral.net/9489/Hyperexcitability%201%20Level%20demo.zip;160080;3.5;"[""AbuseFreakHacker""]";Kaizo: Light;1;false;true;2014-12-03T22:12:24.0;9489;Hyperexcitability 
1217;https://dl.smwcentral.net/13148/The%20Treasure%20Huntv1.1.zip;140290;3.5;"[""Joshua""]";Hard;39;false;false;2016-01-28T18:32:44.0;13148;The Treasure Hunt
1928;https://dl.smwcentral.net/13589/AKMW.zip;198760;3.5;"[""Bioma""]";Normal;38;false;false;2016-07-11T00:44:14.0;13589;Alex Kidd in Mario World
1240;https://dl.smwcentral.net/5988/1island1.2.zip;163430;3.5;"[""Neidave""]";Easy;7;false;false;2013-12-19T13:48:51.0;5988;1 Island Of Vanilla Feeling
945;https://dl.smwcentral.net/10928/a%20hack%20thing%202.zip;155020;3.5;"[""MercuryPenny""]";Normal;12;false;false;2015-03-07T00:08:14.0;10928;A Hack Thing 2
3681;https://dl.smwcentral.net/10051/A%20New%20Journey.zip;113450;3.5;"[""GvS""]";Normal;8;false;false;2015-10-24T19:41:13.0;10051;A New Journey
588;https://dl.smwcentral.net/19263/Duck%20Island.zip;141070;3.5;"[""decentduck""]";Kaizo: Light;4;false;false;2019-03-11T04:47:53.0;19263;Duck Island
813;https://dl.smwcentral.net/5499/Euphoria%20Isle.zip;125000;3.5;"[""Caracc"", ""Crispy"", ""NoelYoshi"", ""Spud Alpha"", ""SyStemkraSh"", ""Zildjian""]";Normal;12;false;true;2013-09-18T18:20:51.0;5499;Euphoria Isle
344;https://dl.smwcentral.net/18831/First%20Foray%20C3%20Demo%20v1.1.zip;30720;3.5;"[""Minuy600""]";Normal;5;false;true;2019-01-05T23:15:59.0;18831;First Foray
651;https://dl.smwcentral.net/9956/HILTSWALTB.zip;142070;3.5;"[""Zildjian""]";Normal;5;false;false;2015-08-02T08:57:33.0;9956;How I Learned to Stop Worrying and Love the Bob-omb
968;https://dl.smwcentral.net/15921/Kruela%20Mario.zip;359710;3.5;"[""xHF01x""]";Kaizo: Hard;29;true;false;2017-07-23T09:44:28.0;15921;Kruela Mario
345;https://dl.smwcentral.net/9941/MATT%20Beta%20Demo.zip;120320;3.5;"[""Master S""]";Normal;3;false;true;2015-05-12T00:34:20.0;9941;Mario and the Thwomp
955;https://dl.smwcentral.net/5982/MRTYI%20demo.zip;159150;3.5;"[""supernova38""]";Easy;12;false;true;2013-12-19T01:30:59.0;5982;Mario Returns To Yoshi's Island
342;https://dl.smwcentral.net/10037/Mario%20to%20the%20rescue%21.zip;124630;3.5;"[""Medic""]";Normal;7;false;true;2015-02-27T20:17:22.0;10037;Mario to the Rescue
362;https://dl.smwcentral.net/9725/Mario%20-%20Apocalypse%20Dawn%20Demo%201.zip;96730;3.5;"[""BulletBillTime""]";Normal;5;false;true;2015-02-05T22:40:35.0;9725;Mario: Apocalypse Dawn
618;https://dl.smwcentral.net/5060/OMM%20with%20overworld%201.zip;16630;3.5;"[""Youmu Konpaku""]";Easy;6;false;true;2013-07-06T22:16:57.0;5060;Odd Master Mario
1088;https://dl.smwcentral.net/6763/Persus.zip;142880;3.5;"[""Todd""]";Easy;1;false;false;2014-06-25T05:40:21.0;6763;Persus: A Toad Adventure
708;https://dl.smwcentral.net/10108/MelinRescue.zip;101040;3.5;"[""ZG STAFF""]";Normal;13;false;true;2015-10-16T18:05:49.0;10108;Rachell's Melin Rescue!
501;https://dl.smwcentral.net/9945/super_amazing_world4.zip;181370;3.5;"[""uyuyuy99""]";Normal;8;false;true;2015-09-20T17:41:30.0;9945;Super Amazing World
501;https://dl.smwcentral.net/10184/Super%20Mario%20Expedition.zip;109690;3.5;"[""akacesfan""]";Easy;8;false;true;2015-11-06T10:35:06.0;10184;Super Mario Expedition
390;https://dl.smwcentral.net/10205/Vanilla%20Land%20%28EN%29.zip;19090;3.5;"[""DatLeon""]";Hard;2;false;false;2015-02-10T02:07:44.0;10205;Super Mario in the Vanilla Forest
4301;https://dl.smwcentral.net/10289/AltheronX.zip;96680;3.5;"[""AltheronX""]";Easy;6;false;true;2015-11-07T11:22:35.0;10289;Super Mario World Reloaded
2121;https://dl.smwcentral.net/9053/koopalings%20-%20demo.zip;55650;3.5;"[""mario and luigi""]";Normal;15;false;true;2014-09-03T22:39:04.0;9053;Super Mario World: The 7 Koopalings Return
487;https://dl.smwcentral.net/10017/Egg_Rescue_V1.2.zip;24010;3.5;"[""Samuka97""]";Normal;1;false;false;2015-05-29T23:06:37.0;10017;Super Mario: The Egg Rescue
418;https://dl.smwcentral.net/18962/The%20Big%20Five.zip;309510;3.5;"[""Atomic-Citrus""]";Kaizo: Hard;5;false;false;2019-02-24T15:24:55.0;18962;The Big Five
443;https://dl.smwcentral.net/10244/The%20Lost%20Land.zip;107760;3.5;"[""Tahixham""]";Normal;2;false;false;2015-01-14T22:02:01.0;10244;The Lost Land
482;https://dl.smwcentral.net/10096/Missing%20Plot.zip;36490;3.5;"[""Huxellberger""]";Normal;13;false;true;2015-10-25T19:02:57.0;10096;The Missing Plot
414;https://dl.smwcentral.net/9835/tMPHE.zip;119760;3.5;"[""Diddy Kong""]";Easy;2;false;false;2015-01-14T22:12:21.0;9835;The Most Pointless Hack Ever
618;https://dl.smwcentral.net/10112/wario%20land.zip;188790;3.5;"[""mariomaster13""]";Easy;5;false;true;2015-08-04T19:45:10.0;10112;Wario Land 6
502;https://dl.smwcentral.net/10211/Whats%20Thanksgiving%20Without%20Turkey.zip;105350;3.5;"[""OmegaLuigi""]";Easy;2;false;false;2015-05-11T22:48:38.0;10211;What's Thanksgiving Without Turkey?
909;https://dl.smwcentral.net/14969/MintGreenYoshi_s_Challenge.zip;125450;3.5;"[""Emerald Shell""]";Pit;1;false;false;2017-02-06T21:15:30.0;14969;MintGreenYoshi's Challenge
1248;https://dl.smwcentral.net/14465/SMWHcollab_1_2.zip;293810;3.5;"[""Luks"", ""Neidave"", ""RedAstaire"", ""ShUriK KiD"", ""WhiteYoshiEgg"", ""Wysey""]";Hard;10;false;false;2016-09-26T22:25:03.0;14465;SMWHacking.de Collab ½
1056;https://dl.smwcentral.net/9038/every%20level%20lemmy%20-%20version%203.zip;116880;3.4;"[""mario and luigi""]";Normal;10;false;false;2014-09-03T22:34:23.0;9038;EVERY LEVEL LEMMY!
1276;https://dl.smwcentral.net/15656/JAPSMWH.zip;30190;3.4;"[""SwagAssMustafa""]";Normal;8;false;true;2017-06-10T23:07:21.0;15656;Just a Pure Vanilla Super Mario World Hack
668;https://dl.smwcentral.net/14633/Mario%20in%20Whatever%20Land%20%28V.0.11%29.zip;32060;3.4;"[""niko""]";Hard;8;false;true;2016-11-18T05:47:12.0;14633;Mario in Whatever Land
4289;https://dl.smwcentral.net/10266/A%20Metal%20Hack%20Demo.zip;110910;3.4;"[""Eric Maia""]";Easy;5;false;true;2015-11-01T15:19:49.0;10266;A Metal Hack
764;https://dl.smwcentral.net/15476/L4good%20island.zip;158860;3.4;"[""L4good""]";Easy;6;false;true;2017-04-16T09:35:45.0;15476;L4good Island
6610;https://dl.smwcentral.net/10166/SMW-HC_Demo2_069a.zip;135300;3.4;"[""EvilGames""]";Easy;6;false;true;2015-12-01T18:41:24.0;10166;Super Mario World - Hack Project
1487;https://dl.smwcentral.net/9653/The%20Unworld.zip;216750;3.4;"[""dottedgirl""]";Normal;92;false;false;2015-08-13T11:31:32.0;9653;The Unworld
940;https://dl.smwcentral.net/13885/Yoshivert99%27s%20hack%20%281.5%29.zip;271200;3.4;"[""Yoshivert99""]";Normal;19;false;false;2016-07-12T00:15:28.0;13885;Yoshivert99's hack
2851;https://dl.smwcentral.net/15266/SMW%20LWE.zip;119410;3.4;"[""Random_Josh""]";Kaizo: Light;19;false;false;2017-03-25T01:54:52.0;15266;Super Mario World - Luigi's World Edition
1553;https://dl.smwcentral.net/5030/A%20halloween%20walk.zip;116640;3.3;"[""MATTAN""]";Normal;7;false;false;2013-07-24T17:10:20.0;5030;A Halloween Walk
775;https://dl.smwcentral.net/10058/Insert%20Coin%20v.%201.24.zip;131840;3.3;"[""Zildjian"", ""noon""]";Normal;1;false;false;2014-12-30T20:03:39.0;10058;Insert Coin
994;https://dl.smwcentral.net/6050/hack%202%20patch.zip;46950;3.3;"[""TenPoundHammer""]";Normal;11;false;true;2014-01-06T14:35:58.0;6050;Just Another SMW Hack
2904;https://dl.smwcentral.net/9936/Lightning%20Crashes%201.2.zip;177060;3.3;"[""PatPatPat""]";Normal;51;false;false;2015-11-07T17:39:48.0;9936;Lightning Crashes
3381;https://dl.smwcentral.net/10137/Mario%20and%20Luigi%20MEGA%20Adventure%201%20Demo%202.0.zip;193060;3.3;"[""Master mario 27""]";Normal;6;false;true;2015-11-30T17:20:01.0;10137;Mario and luigi MEGA Adventure 1
781;https://dl.smwcentral.net/5422/Mario%27s%20Walk%20Home.zip;195760;3.3;"[""Noivern""]";Easy;15;false;true;2013-10-14T06:06:29.0;5422;Mario's Walk Home: Extended Collector's Edition
389;https://dl.smwcentral.net/9646/Mercenaries%20Version%201.1.zip;294340;3.3;"[""DTG""]";Normal;0;false;true;2015-04-19T22:55:30.0;9646;Mercenaries
1441;https://dl.smwcentral.net/6760/Special%20World%20Demo%200.1.3.zip;146010;3.3;"[""Superwario1999""]";Kaizo: Light;5;false;true;2014-07-04T23:22:51.0;6760;Special World?
1208;https://dl.smwcentral.net/6286/SMWAPI%20v1.1.zip;28060;3.3;"[""xAsianjay""]";Hard;7;false;false;2014-02-12T05:16:59.0;6286;Super Mario World: Adventures On Petite Island
343;https://dl.smwcentral.net/9955/TheGrassyPlains.zip;100400;3.3;"[""pieguy184""]";Normal;4;false;true;2015-06-08T20:57:24.0;9955;The Grassy Plains
1622;https://dl.smwcentral.net/15935/zgc147.zip;221660;3.3;"[""Zeldara109""]";Normal;64;false;false;2017-07-23T23:07:29.0;15935;Zeldara's Glitch City v147
1050;https://dl.smwcentral.net/6970/COLLAB%20%28Update%21%29.zip;159320;3.3;"[""Daizo Dee Von"", ""Neidave""]";Normal;11;false;false;2014-08-05T16:59:52.0;6970;COLLAB
1142;https://dl.smwcentral.net/13168/SMW%20Hehey%21.zip;123030;3.3;"[""Grugi""]";Hard;3;false;false;2016-01-29T18:22:46.0;13168;Super Mario World: Hehey!
782;https://dl.smwcentral.net/9769/Mario%27s%20Double%20Trouble.zip;152100;3.3;"[""AlWaYsDeLiVeRz""]";Normal;74;false;false;2015-08-23T17:54:35.0;9769;Mario's Double Trouble
3882;https://dl.smwcentral.net/15892/yumpy%20boy.zip;203040;3.2;"[""JUMP Team"", ""Lazy"", ""idol""]";Very Hard;120;false;false;2017-07-17T23:06:48.0;15892;YUMP
9521;https://dl.smwcentral.net/6416/MARIO.zip;69530;3.2;"[""Adam"", ""M A R I O""]";Easy;7;false;false;2014-03-16T20:38:46.0;6416;MARIO
1094;https://dl.smwcentral.net/6386/UNTITLED%20DOOM%20demo%201.zip;53230;3.2;"[""MercuryPenny""]";Kaizo: Light;6;false;true;2014-05-21T20:01:55.0;6386;UNTITLED DOOM
1169;https://dl.smwcentral.net/6027/%23thathack.zip;232060;3.2;"[""levelengine""]";Normal;12;false;false;2013-12-28T17:55:19.0;6027;#thathack
726;https://dl.smwcentral.net/10541/DesertTraveling.zip;83760;3.1;"[""2362""]";Easy;1;false;false;2015-12-02T04:31:51.0;10541;Desert Traveling
1628;https://dl.smwcentral.net/12794/Marios%20Sweet%20Adventure%20Demo%204.zip;33220;3.1;"[""niko""]";Normal;7;false;true;2015-12-07T21:48:29.0;12794;Mario's Sweet Adventure
538;https://dl.smwcentral.net/9639/5LevelHack.zip;12780;3;"[""grishnax""]";Normal;5;false;false;2015-04-20T15:25:15.0;9639;5 Level Hack
358;https://dl.smwcentral.net/9677/AnotherChallengeWithMario%20DEMO%201.0.zip;49200;3;"[""ChaoticX""]";Hard;8;false;true;2015-07-22T18:11:15.0;9677;Another Challenge With Mario
387;https://dl.smwcentral.net/10048/App%20Strike%28v2%29.zip;58170;3;"[""Metalstriker""]";Normal;5;false;false;2015-02-23T22:56:22.0;10048;App Strike
866;https://dl.smwcentral.net/9877/Kopia%20%284%29%20av%20Super%20Mario%20World%20%28U%29%20%5B%21%5D.zip;32170;3;"[""Choco""]";Normal;15;false;true;2015-08-08T09:54:59.0;9877;Bowser's Armada
338;https://dl.smwcentral.net/9784/EF_Land.zip;14340;3;"[""Electrofire""]";Easy;6;false;true;2015-03-30T23:03:42.0;9784;EF Land
980;https://dl.smwcentral.net/17732/Extreme_One_Screen_Puzzle_V1.4.zip;49560;3;"[""Emerald Shell""]";Kaizo: Hard;1;false;false;2018-07-09T16:34:59.0;17732;Extreme One-Screen Puzzle
662;https://dl.smwcentral.net/9807/FF-SMW.zip;62710;3;"[""Furdabip""]";Normal;60;false;true;2015-08-01T12:46:35.0;9807;Final Fantasy: Super Moogle World
2508;https://dl.smwcentral.net/9860/Iggy%27s%20Island%20%28fixed%29.zip;85920;3;"[""surfiin' bird""]";Easy;6;false;true;2015-08-12T11:05:39.0;9860;Iggy's Island
556;https://dl.smwcentral.net/9759/Jetskifullv1.0.zip;102920;3;"[""PatPatPat""]";Normal;12;false;false;2015-10-31T12:55:24.0;9759;Inappropriate Jetski 19
807;https://dl.smwcentral.net/10113/KetchupAdventure.zip;136650;3;"[""mockingod""]";Normal;1;false;false;2014-12-30T21:43:28.0;10113;Ketchup Adventure
644;https://dl.smwcentral.net/5180/Luigi%27s%20Decision.zip;105050;3;"[""Thundahack""]";Normal;7;false;true;2013-08-23T11:13:07.0;5180;Luigi's Decision
421;https://dl.smwcentral.net/10179/Mario%20and%20the%20Magic%20Switches%20v1.2.zip;20730;3;"[""yoshiapplecachetitos""]";Normal;8;false;true;2015-11-07T19:12:45.0;10179;Mario and the Magic Switches
2099;https://dl.smwcentral.net/9845/Mario%20In%20Dragon%20Land.zip;147490;3;"[""BobbyBombmaster""]";Easy;6;false;true;2015-08-12T10:45:54.0;9845;Mario In Dragon Land
340;https://dl.smwcentral.net/9785/Mario%27s%20adventure%20demo%202.zip;22070;3;"[""John Freeman""]";Easy;8;false;true;2015-02-10T02:37:21.0;9785;Mario's Adventure
1005;https://dl.smwcentral.net/11662/Mario%27sAsceticAdventuredemo.zip;161390;3;"[""Sokobansolver""]";Kaizo: Hard;4;false;true;2015-07-05T19:55:22.0;11662;Mario's Ascetic Adventure
2726;https://dl.smwcentral.net/9953/Mario%27s%20Homeland%20%28Demo1%29.zip;96770;3;"[""Tommy15551""]";Easy;5;false;true;2015-09-08T18:35:18.0;9953;Mario's Homeland
428;https://dl.smwcentral.net/9816/Mario%27s%20Nightmare%20Ep1.zip;106600;3;"[""TooManyToasters""]";Normal;7;false;false;2015-02-09T21:38:17.0;9816;Mario's Nightmare: Episode 1
1192;https://dl.smwcentral.net/12884/Marios%20Sweet%20Adventure%202%20Demo%201.zip;41980;3;"[""niko""]";Normal;5;false;true;2015-12-18T09:48:50.0;12884;Mario's Sweet Adventure 2
1418;https://dl.smwcentral.net/18509/Mario%27s%20Training.zip;29640;3;"[""RussianMan""]";Kaizo: Light;4;false;false;2018-11-29T20:45:18.0;18509;Mario's Training
5722;https://dl.smwcentral.net/10283/Outrageous%20Mario%20World%206_2.zip;114880;3;"[""AnybodyAgrees""]";Normal;12;false;true;2015-11-06T11:00:43.0;10283;Outrageous Mario World
615;https://dl.smwcentral.net/9641/Pandemonium%20Fortress%202%20v1.02.zip;60820;3;"[""Caracc""]";Normal;42;false;false;2015-08-08T17:05:30.0;9641;Pandemonium Fortress 2
435;https://dl.smwcentral.net/9654/PMPc3demo.zip;154570;3;"[""sunwarrior25""]";Normal;15;false;true;2015-10-12T03:35:03.0;9654;Practice Makes Purrfect
590;https://dl.smwcentral.net/10118/SMWRemixD1.1.zip;123040;3;"[""Lexi""]";Easy;17;false;true;2015-10-18T03:58:50.0;10118;SMW: Remix
605;https://dl.smwcentral.net/10219/Special%20World%20Overtakes%20V1.3.zip;27500;3;"[""therealSWK""]";Normal;8;false;true;2015-07-23T04:34:11.0;10219;Special World Overtakes
354;https://dl.smwcentral.net/9637/SCW_The_Mini_Hacks.zip;103660;3;"[""Illusiyellow""]";Easy;0;false;true;2015-08-06T16:25:45.0;9637;Super Corruptendo World: The Mini HAX
452;https://dl.smwcentral.net/10053/Super%20Mario%20-%20The%20Ultimate%20Challenge%20-%20Demo.zip;22190;3;"[""UltimateMeh""]";Easy;5;false;true;2015-10-25T19:21:12.0;10053;Super Mario - The Ultimate Challenge
1204;https://dl.smwcentral.net/6070/sm96.zip;120730;3;"[""K3Blue64""]";Easy;14;false;true;2014-01-09T08:50:53.0;6070;Super Mario 96: Adventures in Parallel Land
351;https://dl.smwcentral.net/10010/Denied.zip;17520;3;"[""Major Flare""]";Easy;6;false;true;2015-08-30T17:47:15.0;10010;Super Mario Denied World
350;https://dl.smwcentral.net/9804/Super%20Mario%20Islands%20Demo%202.zip;88320;3;"[""bkbusters""]";Easy;8;false;true;2015-03-04T00:24:52.0;9804;Super Mario Islands
347;https://dl.smwcentral.net/9808/Ultima%20World.zip;79310;3;"[""Time Traveler""]";Hard;3;false;true;2015-03-04T02:46:36.0;9808;Super Mario Ultima
424;https://dl.smwcentral.net/9787/SMW%20Koopa%20revenge.zip;206300;3;"[""Maxderdachs""]";Easy;20;false;true;2015-07-29T09:01:22.0;9787;Super Mario World - Koopa Revenge
644;https://dl.smwcentral.net/18631/SMWTPV.zip;85650;3;"[""Gabriel12102673""]";Pit;1;false;false;2018-12-25T15:04:41.0;18631;Super Mario World The Pit Version
341;https://dl.smwcentral.net/9803/Journey%20To%20Plover%20Hill.zip;22380;3;"[""jcv1235""]";Easy;8;false;true;2015-03-03T21:59:50.0;9803;Super Mario World: Journey To Plover Hill
740;https://dl.smwcentral.net/5446/Serbow1-3.zip;287150;3;"[""keckcellent""]";Normal;28;false;true;2013-10-27T01:47:40.0;5446;Super Mario World: Serbow's Assault
346;https://dl.smwcentral.net/9772/Uber%20Mario%20World%20DEMO1.zip;14860;3;"[""MarioPwnz""]";Easy;6;false;true;2015-05-07T22:49:30.0;9772;Super Mario World: Uber Edition
1266;https://dl.smwcentral.net/6094/SMATWT%20v1.5.zip;192200;3;"[""lolyoshi""]";Kaizo: Light;6;false;true;2014-06-29T02:41:00.0;6094;Super Mario's Adventure To Waste Time
2827;https://dl.smwcentral.net/10045/Super%20Omelette%20World.zip;100100;3;"[""Whoamme""]";Easy;29;false;false;2015-09-30T17:07:57.0;10045;Super Omelette World
735;https://dl.smwcentral.net/9829/SMWJ%28H%29.zip;99700;3;"[""Ashura""]";Normal;6;false;true;2015-08-04T10:26:21.0;9829;Suupaa Mario-sama Seken
794;https://dl.smwcentral.net/9986/The%20Forest%20of%20Rovaki.zip;47310;3;"[""Windveil""]";Easy;8;false;false;2015-09-12T17:22:34.0;9986;The Forest of Rovaki
893;https://dl.smwcentral.net/5557/tmf.zip;130640;3;"[""pablopeach""]";Normal;12;false;false;2013-10-20T21:24:35.0;5557;The Mushroom Factor
513;https://dl.smwcentral.net/9992/The%20Sixty-four%20Trials%20Demo%201.zip;30510;3;"[""Mariowings77""]";Easy;18;false;true;2015-11-04T10:51:17.0;9992;The Sixty-four Trials
1130;https://dl.smwcentral.net/15486/TheVanilla%201.3.zip;116730;3;"[""TheRobju""]";Easy;8;false;true;2017-04-20T18:36:03.0;15486;The Vanilla
381;https://dl.smwcentral.net/9697/TDPV03.zip;129710;3;"[""nintendofreck""]";Easy;21;false;true;2015-08-14T10:33:06.0;9697;Those Darn Plumbers
7318;https://dl.smwcentral.net/10241/Thunderstruck%20demo%202012%20v1A.zip;184340;3;"[""Jackie""]";Normal;22;false;true;2015-11-18T18:55:32.0;10241;Thunderstruck Mario
534;https://dl.smwcentral.net/9783/Hack.zip;36420;3;"[""Caped Mario2""]";Kaizo: Light;5;false;true;2015-03-30T15:04:54.0;9783;Untitled ROM Hack
1032;https://dl.smwcentral.net/6548/Good%20Question%21.zip;136500;2.9;"[""MercuryPenny""]";Hard;6;false;false;2014-05-22T16:36:12.0;6548;Good Question!
816;https://dl.smwcentral.net/9952/Hyper%20Hentai%20Hotties.zip;17780;2.8;"[""scrimpy""]";Normal;7;false;false;2015-07-30T08:41:43.0;9952;Hyper Hentai Hotties
1076;https://dl.smwcentral.net/6550/mushroom%20kingdom%20invasion.zip;33830;2.8;"[""mario and luigi""]";Normal;7;false;true;2014-05-22T09:39:43.0;6550;Mushroom Kingdom Invasion
1175;https://dl.smwcentral.net/13982/Bowser%27s%20Castle.zip;21690;2.7;"[""PMH""]";Normal;1;false;false;2016-07-28T20:15:14.0;13982;Bowser's Castle
477;https://dl.smwcentral.net/10007/Marios%20Supper%20World.zip;37280;2.7;"[""therealSWK""]";Normal;6;false;false;2015-07-22T10:36:29.0;10007;Mario's Supper World
476;https://dl.smwcentral.net/9691/Pandemonium%20Fortress.zip;47760;2.7;"[""Caracc""]";Normal;20;false;false;2015-02-09T20:27:00.0;9691;Pandemonium Fortress
1453;https://dl.smwcentral.net/13582/Mario%20in%20Another%20Land.zip;162450;2.5;"[""gio9002""]";Easy;7;false;false;2016-04-22T11:49:20.0;13582;Mario in Another Land
790;https://dl.smwcentral.net/10016/8%20Trials%20Await.zip;100820;2.5;"[""GearboxGoober""]";Easy;8;false;false;2015-09-29T19:07:34.0;10016;8 Trials Await
831;https://dl.smwcentral.net/10167/In%20Memoriam%20Hack%20Pack.zip;421690;2.5;"[""Spud Alpha""]";Normal;11;false;false;2015-08-05T14:49:07.0;10167;In Memoriam Hack Pack
710;https://dl.smwcentral.net/10098/Mario%20and%20the%205%20Golden%20Eggs.zip;107510;2.5;"[""Zildjian""]";Normal;6;false;false;2015-07-29T07:25:26.0;10098;Mario and The 5 Golden Eggs
517;https://dl.smwcentral.net/10130/Super%20Mario%20and%20the%20Underwater%20Lab.zip;86630;2.5;"[""Yonowaaru""]";Normal;7;false;true;2015-10-20T17:55:48.0;10130;Super Mario and the Undersea Lab
356;https://dl.smwcentral.net/10267/SMW%20A%20New%20Adventure%202.zip;133940;2.5;"[""drake-68""]";Easy;5;false;true;2015-05-06T19:41:54.0;10267;Super Mario World: A New Adventure 2
355;https://dl.smwcentral.net/9801/Super%20Mario%20World%20Jurassic%20Path%20%28Demo%201%29.zip;26980;2.5;"[""Mario's Dog""]";Easy;6;false;true;2015-03-03T21:17:41.0;9801;Super Mario World: Jurassic Path
23242;https://dl.smwcentral.net/12691/rwario.zip;190210;2.4;"[""SMWHackedHACK""]";Normal;4;false;true;2015-11-26T00:43:37.0;12691;Red Wario
2203;https://dl.smwcentral.net/9840/Iggy%27s%20Island%20Zip.zip;12640;2.3;"[""Pirate Yoshi""]";Easy;5;false;false;2015-08-07T12:38:40.0;9840;Super Mario World: Iggy's Island
342;https://dl.smwcentral.net/9970/the%20stolen%20yoshi%20coins.zip;82360;2.3;"[""super pokemon world""]";Easy;4;false;true;2015-07-24T12:32:44.0;9970;The Stolen Yoshi Coins
410;https://dl.smwcentral.net/10012/Super%20Mario%20HFTDC.zip;129740;2.3;"[""JDC""]";Easy;7;false;true;2015-10-02T17:36:24.0;10012;Super Mario World: Hunt for the Dragon Coins
407;https://dl.smwcentral.net/9742/Adventure%20of%20the%20red%20plumber.zip;8700;2.1;"[""guitar god527""]";Easy;3;false;true;2015-02-09T20:38:34.0;9742;Adventure Of The Red Plumber
1333;https://dl.smwcentral.net/13214/VP.zip;99640;2.1;"[""gameboyjeremy""]";Kaizo: Light;25;false;false;2016-04-14T04:34:58.0;13214;VP
876;https://dl.smwcentral.net/9857/Athletic%20Plumber%20Twins.zip;48180;2;"[""Shuffles""]";Normal;24;false;true;2015-08-22T18:50:55.0;9857;Athletic Plumber Twins
345;https://dl.smwcentral.net/9837/mario%20-%20tcuh.zip;136860;2;"[""Halzyn""]";Hard;6;false;true;2015-08-01T18:44:28.0;9837;Mario - The Currently Unnamed Hack
1716;https://dl.smwcentral.net/9968/Mario%20and%20the%20pipe%20of%20challenges.zip;87270;2;"[""LuigiPikachu""]";Easy;6;false;true;2015-09-17T12:06:59.0;9968;Mario and the Pipe of Challenges
5300;https://dl.smwcentral.net/10141/mario%20in%20a%20strange%20adventure.zip;164150;2;"[""Fan-cristian-Yuyuko-""]";Normal;5;false;true;2015-10-12T03:29:47.0;10141;Mario in a Strange Adventure
393;https://dl.smwcentral.net/10068/M%20Is%20Missing%203.zip;99140;2;"[""MetalUpYourAss""]";Easy;3;false;true;2015-05-12T00:51:53.0;10068;Mario Is Missing 3: Mario's Wreck
367;https://dl.smwcentral.net/9897/mario%21%20nera.zip;15900;2;"[""Tahixham""]";Easy;5;false;true;2015-08-04T04:53:48.0;9897;Mario! A New Era
432;https://dl.smwcentral.net/10217/%282004%29%20Mario%27s%20New%20World.zip;91920;2;"[""noon""]";Normal;5;false;false;2015-07-30T07:25:37.0;10217;Mario's New World
341;https://dl.smwcentral.net/9981/Mystical%20island%201.0.2.zip;23340;2;"[""nicknick293""]";Easy;4;false;true;2015-09-10T12:02:32.0;9981;Mystical Island
394;https://dl.smwcentral.net/9979/smi.zip;117150;2;"[""K3Blue64""]";Easy;17;false;true;2015-09-05T19:04:08.0;9979;New Super Mario Illusion
524;https://dl.smwcentral.net/18794/Persona%20Non%20Grata.zip;465520;2;"[""bluesaint""]";Kaizo: Light;12;false;false;2019-01-28T21:47:43.0;18794;Persona Non Grata
589;https://dl.smwcentral.net/9985/Quick%20Delivery%5BDemo%5D.zip;71380;2;"[""superman6791""]";Normal;4;false;true;2015-09-29T18:41:19.0;9985;Quick Delivery
466;https://dl.smwcentral.net/9758/Strange%20Mario%20World.zip;35810;2;"[""Acmlm""]";Normal;6;false;true;2015-02-21T19:49:51.0;9758;Strange Mario World
815;https://dl.smwcentral.net/9881/Super%20impressive%20world.zip;17020;2;"[""Jack Levin""]";Easy;6;false;true;2015-08-20T12:30:08.0;9881;Super Impressive World
718;https://dl.smwcentral.net/10138/Super%20Mario%20World%20patch.zip;26160;2;"[""thekenbaum""]";Easy;8;false;true;2015-10-31T11:25:01.0;10138;Super Mario World 3 - Bowser's Revenge
366;https://dl.smwcentral.net/9991/Bowser%27s%20Trial.zip;23660;2;"[""Tio broz""]";Easy;7;false;true;2015-09-23T18:36:33.0;9991;Super Mario World: Bowser's Trial
348;https://dl.smwcentral.net/9879/Super%20Odd%20World%202.zip;23240;2;"[""Pirate Yoshi""]";Easy;5;false;true;2015-08-05T23:26:36.0;9879;Super Odd World 2
355;https://dl.smwcentral.net/9781/Super%20race%20world.zip;31290;2;"[""The insane little elf""]";Hard;5;false;true;2015-03-18T16:05:50.0;9781;Super Race World
336;https://dl.smwcentral.net/9922/The%20Lost%20World%20Journey.zip;99190;2;"[""Team Haunted""]";Normal;4;false;true;2015-03-04T02:32:23.0;9922;The Lost World Journey
488;https://dl.smwcentral.net/9861/SMW%20Mario%27s%20Cool%20Mission.zip;19830;1.8;"[""Woody""]";Easy;6;false;true;2015-08-13T12:17:16.0;9861;Mario's Cool Mission
361;https://dl.smwcentral.net/9859/HAKURANKAI%20DEMO.zip;100440;1.7;"[""CoinBandit"", ""Kiki-mewmew""]";Normal;5;false;true;2015-07-28T21:10:58.0;9859;Hakurankai Mario
738;https://dl.smwcentral.net/17002/LA_1_10.zip;486650;;"[""Sariel""]";Kaizo: Light;5;false;true;2018-02-06T02:05:30.0;17002;LEGATVM ALBATI
1015;https://dl.smwcentral.net/19535/Super%20Mario%20World%20-%20Some%20Random%20Adventure%20%28Demo%202%29.zip;375460;;"[""TheSpeedyJay""]";Normal;15;false;true;2019-04-05T16:17:22.0;19535;Super Mario World - Some Random Adventure
1052;https://dl.smwcentral.net/17489/Super%20Sekai%20World%201.5.zip;356350;;"[""ShadoWingx""]";Kaizo: Light;25;false;false;2018-05-13T01:56:25.0;17489;Super Sekai World
840;https://dl.smwcentral.net/18426/Super_Stacey_World_1.2.zip;247550;;"[""dylanofinsanity""]";Kaizo: Light;15;false;false;2018-11-06T00:20:57.0;18426;Super Stacey World
